{"$schema":"http://schema.management.azure.com/schemas/2015-01-01/deploymentTemplate.json#","contentVersion":"1.0.0.0","parameters":{"factoryName":{"type":"string","metadata":"Data Factory name"},"Synapse Serverless":{"type":"string"}},"variables":{"factoryId":"[concat('Microsoft.DataFactory/factories/', parameters('factoryName'))]"},"resources":[{"name":"[concat(parameters('factoryName'), '/Sage_aggregation_pipeline')]","type":"Microsoft.DataFactory/factories/pipelines","apiVersion":"2018-06-01","properties":{"activities":[{"name":"Get Secret","type":"WebActivity","dependsOn":[],"policy":{"timeout":"0.12:00:00","retry":0,"retryIntervalInSeconds":30,"secureOutput":false,"secureInput":false},"userProperties":[],"typeProperties":{"url":"https://rcmbronze100.vault.azure.net/secrets/ADLSSASKEY/8a44a3a7cae44d4a9c0d1845704a0034?api-version=7.0","method":"GET","headers":{},"authentication":{"type":"MSI","resource":"https://vault.azure.net"}}},{"name":"Create Synapse Credentials","type":"SqlServerStoredProcedure","dependsOn":[{"activity":"Get Secret","dependencyConditions":["Succeeded"]}],"policy":{"timeout":"0.12:00:00","retry":0,"retryIntervalInSeconds":30,"secureOutput":false,"secureInput":false},"userProperties":[],"typeProperties":{"storedProcedureName":"[[dbo].[create_synapse_creds]","storedProcedureParameters":{"format":{"value":{"value":"@pipeline().parameters.EXT_TAB_FILE_FORMAT","type":"Expression"},"type":"String"},"extds":{"value":{"value":"@pipeline().parameters.EXT_DATA_SOURCE","type":"Expression"},"type":"String"},"creds":{"value":{"value":"@pipeline().parameters.EXT_CREDENTIALS","type":"Expression"},"type":"String"},"secret":{"value":{"value":"@activity('Get Secret').output.value","type":"Expression"},"type":"String"},"location":{"value":{"value":"@pipeline().parameters.EXT_TAB_LOCATION","type":"Expression"},"type":"String"}}},"linkedServiceName":{"referenceName":"[parameters('Synapse Serverless')]","type":"LinkedServiceReference"}},{"name":"Create Silver Layer Views","type":"SqlServerStoredProcedure","dependsOn":[{"activity":"Create Synapse Credentials","dependencyConditions":["Succeeded"]}],"policy":{"timeout":"0.12:00:00","retry":0,"retryIntervalInSeconds":30,"secureOutput":false,"secureInput":false},"userProperties":[],"typeProperties":{"storedProcedureName":"[[dbo].[create_silver_views]","storedProcedureParameters":{"silverns":{"value":{"value":"@pipeline().parameters.SILVER_LAYER_NAMESPACE","type":"Expression"},"type":"String"},"location":{"value":{"value":"@pipeline().parameters.EXT_TAB_LOCATION","type":"Expression"},"type":"String"},"extds":{"value":{"value":"@pipeline().parameters.EXT_DATA_SOURCE","type":"Expression"},"type":"String"}}},"linkedServiceName":{"referenceName":"[parameters('Synapse Serverless')]","type":"LinkedServiceReference"}}],"policy":{"elapsedTimeMetric":{},"cancelAfter":{}},"parameters":{"EXT_TAB_FILE_FORMAT":{"type":"string"},"EXT_DATA_SOURCE":{"type":"string"},"EXT_CREDENTIALS":{"type":"string"},"EXT_TAB_LOCATION":{"type":"string"},"SILVER_LAYER_NAMESPACE":{"type":"string"},"GOLD_LAYER_NAMESPACE":{"type":"string"}},"annotations":[],"lastPublishTime":"2023-07-31T00:19:54Z"},"dependsOn":[]}]}