{"$schema":"http://schema.management.azure.com/schemas/2015-01-01/deploymentTemplate.json#","contentVersion":"1.0.0.0","parameters":{"factoryName":{"type":"string","metadata":"Data Factory name"},"Curation Spark Cluster":{"type":"string"}},"variables":{"factoryId":"[concat('Microsoft.DataFactory/factories/', parameters('factoryName'))]"},"resources":[{"name":"[concat(parameters('factoryName'), '/Sage_curation_pipeline')]","type":"Microsoft.DataFactory/factories/pipelines","apiVersion":"2018-06-01","properties":{"description":"creates silver delta tables","activities":[{"name":"Get Secret","type":"WebActivity","dependsOn":[],"policy":{"timeout":"0.12:00:00","retry":0,"retryIntervalInSeconds":30,"secureOutput":false,"secureInput":false},"userProperties":[],"typeProperties":{"url":"https://rcmbronze100.vault.azure.net/secrets/ADLSKEY/542c81302edf4c8ba2ec9e27dd03cefa?api-version=7.0","method":"GET","headers":{},"authentication":{"type":"MSI","resource":"https://vault.azure.net"}}},{"name":"Run Curation Notebook","type":"DatabricksNotebook","dependsOn":[{"activity":"Get Secret","dependencyConditions":["Succeeded"]}],"policy":{"timeout":"0.12:00:00","retry":0,"retryIntervalInSeconds":30,"secureOutput":false,"secureInput":false},"userProperties":[],"typeProperties":{"notebookPath":"/Users/pierre@data-sage.ca/hub_curation_notebook","baseParameters":{"STORAGE_ACCOUNT":{"value":"@pipeline().parameters.STORAGE_ACCOUNT","type":"Expression"},"BRONZE_LAYER_NAMESPACE":{"value":"@pipeline().parameters.BRONZE_LAYER_NAMESPACE","type":"Expression"},"SILVER_LAYER_NAMESPACE":{"value":"@pipeline().parameters.SILVER_LAYER_NAMESPACE","type":"Expression"},"HUB_FOLDER":{"value":"@pipeline().parameters.HUB_FOLDER","type":"Expression"},"ADLS_FOLDER":{"value":"@pipeline().parameters.ADLS_FOLDER","type":"Expression"},"TABLE_LIST":{"value":"@pipeline().parameters.TABLE_LIST","type":"Expression"},"ADLS_KEY":{"value":"@activity('Get Secret').output.value","type":"Expression"},"TABLE_LIST_EDI":{"value":"@pipeline().parameters.TABLE_LIST_EDI","type":"Expression"}}},"linkedServiceName":{"referenceName":"[parameters('Curation Spark Cluster')]","type":"LinkedServiceReference"}}],"policy":{"elapsedTimeMetric":{},"cancelAfter":{}},"parameters":{"STORAGE_ACCOUNT":{"type":"string"},"BRONZE_LAYER_NAMESPACE":{"type":"string"},"SILVER_LAYER_NAMESPACE":{"type":"string"},"HUB_FOLDER":{"type":"string"},"ADLS_FOLDER":{"type":"string"},"TABLE_LIST":{"type":"string"},"ADLS_KEY":{"type":"string"},"TABLE_LIST_EDI":{"type":"string"}},"annotations":[],"lastPublishTime":"2023-07-02T01:36:14Z"},"dependsOn":[]}]}